{
    "questions":[
        {
            "question":"The speaker of the Lok Sabha can ask a member of the house to stop speaking and let another member speak. This phenomenon is known as :",
            "quetionKey":1,
            "options":[
                {
                    "key":"Crossing the floor",
                    "value":1
                },
                {
                    "key":"Yielding the floor",
                    "value":2
                },
                {
                    "key":"Point of Order",
                    "value":3
                },
                {
                    "key":"Calling Attention Motion",
                    "value":4
                }            ]
        },
        {
            "question":"The Comptroller and Auditor General of India can be removed from office in like manner and on like grounds as :  ",
            "quetionKey":2,
            "options":[
                {
                    "key":"High Court Judge",
                    "value":1
                },
                {
                    "key":"Prime Minister",
                    "value":2
                },
                {
                    "key":"Supreme Court Judge",
                    "value":3
                },
                {
                    "key":"None of Above",
                    "value":4
                }
            ]
        },
        {
            "question":"Which Article of the Constitution provides freedom to manage religious affairs ?",
            "quetionKey":3,
            "options":[
                {
                    "key":"Article 25",
                    "value":1
                },
                {
                    "key":"Article 26",
                    "value":2
                },
                {
                    "key":"Article 27",
                    "value":3
                },
                {
                    "key":"Article 25",
                    "value":4
                }

            ]
        }
    ]
}